module,subtopic,ccss,uk,singapore,pisa,ap,a_level,notes
数与代数,实数系统,HSN;N-Q,GCSE Number,O-Level N,Employ,AP Precalc,Core Algebra,基础
数与代数,复数系统,HSA (ext),A Level Algebra,A Level (ext),Employ,AP Ext,A Level,拔高
数与代数,多项式,HSA.SSE;HSA.REI,GCSE Algebra,O/A Algebra,Employ,AP Precalc,Core Algebra,核心
函数与关系,函数概念与表示,HSF.IF;HSF.BF,GCSE/A Level Functions,O/A Functions,Interpret,AP Precalc,A Level Pure,核心
几何与空间,平面几何,HSG.CO;HSG.SRT,GCSE Geometry,O-Level Geometry,Interpret,AP Precalc,A Level Pure,核心
几何与空间,解析几何,HSG.GPE,A Level Coordinate,O/A Coords,Interpret,AP Precalc,A Level Pure,核心
三角学,基础恒等与图像,HSF.TF,GCSE/A Level Trig,O/A Trig,Employ,AP Precalc,A Level Pure,核心
微积分基础,极限导数积分,HSF (bridge),A Level Calculus,A/H2 Calculus,Evaluate,AP Calc AB/BC,A Level Pure,核心
概率与统计,概率与分布,S-CP;S-MD;S-IC;S-ID,GCSE/A Level Stats,O/A Stats,Employ,AP Stats,A Level Stats,核心
离散数学,组合计数,HSA (bridge),A Level Further (opt),A Further (opt),Formulate,—,A Level Further,拔高
数学建模,建模实践,MP1-8,Core Maths/Mechanics,A/H2 Applications,Formulate/Employ,AP cross,A Level,应用
线性代数,向量矩阵谱,—,A Level Further,H2 Further,Evaluate,—,A Level Further,桥接
数学思维与哲学,推理证明,MP1-8,Reasoning/Proof,Processes,Reason,—,EPQ/Problem Solving,素养 